{"assets":{"34288A54BC8CD0D0F56A5D9E513CAE1D":{"type":"texture","index":0,"assetRequest":{"type":"slide","state":"contents","slide":"none"},"url":{"native":"assets\/FDF5383B-5AF4-437A-93B0-0894B51F1C1E.pdf"},"width":1920,"height":1080},"DFDD7DA96951781FFC4FE105CF1874CB":{"type":"texture","index":1,"assetRequest":{"type":"slide","state":"contents","slide":"none"},"url":{"native":"assets\/FDF5383B-5AF4-437A-93B0-0894B51F1C1E.pdf"},"width":1920,"height":1080}},"events":[{"effects":[{"beginTime":0,"baseLayer":{"animations":[],"initialState":{"affineTransform":[1,0,0,1,0,0],"masksToBounds":false,"rotation":0,"scale":1,"position":{"pointX":960,"pointY":540},"width":1920,"sublayerTransform":[1,0,0,0,0,1,0,0,0,0,1,0,0,0,0,1],"contentsRect":{"y":0,"x":0,"width":1,"height":1},"opacity":1,"edgeAntialiasingMask":251658240,"height":1080,"hidden":false,"anchorPoint":{"pointX":0.5,"pointY":0.5}},"objectID":"0","layers":[{"animations":[],"initialState":{"affineTransform":[1,0,0,1,0,0],"masksToBounds":false,"rotation":0,"scale":1,"position":{"pointX":960,"pointY":540},"width":1920,"sublayerTransform":[1,0,0,0,0,1,0,0,0,0,1,-0.00035007912466775983,0,0,0,1],"contentsRect":{"y":0,"x":0,"width":1,"height":1},"opacity":1,"edgeAntialiasingMask":251658240,"height":1080,"hidden":false,"anchorPoint":{"pointX":0.5,"pointY":0.5}},"layers":[{"animations":[{"repeatCount":0,"timingControlPoint2y":0.9959721565246582,"removedOnCompletion":false,"from":{"pointX":2880,"pointY":540},"timingFunction":"custom","additive":false,"timeOffset":0,"autoreverses":false,"timingControlPoint1x":0.49705871939659119,"fillMode":"both","property":"position","duration":1,"beginTime":0,"timingControlPoint2x":0.49811732769012451,"timingControlPoint1y":0,"to":{"pointX":960,"pointY":540}}],"layers":[],"texturedRectangle":{"isBackgroundTexture":false,"singleTextureOpacity":1,"textureType":0,"textBaseline":0,"textXHeight":0,"isVerticalText":false},"initialState":{"affineTransform":[1,0,0,1,0,0],"masksToBounds":false,"rotation":0,"scale":1,"position":{"pointX":960,"pointY":540},"width":1920,"sublayerTransform":[1,0,0,0,0,1,0,0,0,0,1,0,0,0,0,1],"contentsRect":{"y":0,"x":0,"width":1,"height":1},"opacity":1,"edgeAntialiasingMask":0,"height":1080,"hidden":false,"anchorPoint":{"pointX":0.5,"pointY":0.5}},"texture":"DFDD7DA96951781FFC4FE105CF1874CB"},{"animations":[{"repeatCount":0,"timingControlPoint2y":0.9959721565246582,"removedOnCompletion":false,"from":{"pointX":960,"pointY":540},"timingFunction":"custom","additive":false,"timeOffset":0,"autoreverses":false,"timingControlPoint1x":0.49705871939659119,"fillMode":"both","property":"position","duration":1,"beginTime":0,"timingControlPoint2x":0.49811732769012451,"timingControlPoint1y":0,"to":{"pointX":-960,"pointY":540}}],"layers":[],"texturedRectangle":{"isBackgroundTexture":false,"singleTextureOpacity":1,"textureType":0,"textBaseline":0,"textXHeight":0,"isVerticalText":false},"initialState":{"affineTransform":[1,0,0,1,0,0],"masksToBounds":false,"rotation":0,"scale":1,"position":{"pointX":960,"pointY":540},"width":1920,"sublayerTransform":[1,0,0,0,0,1,0,0,0,0,1,0,0,0,0,1],"contentsRect":{"y":0,"x":0,"width":1,"height":1},"opacity":1,"edgeAntialiasingMask":0,"height":1080,"hidden":false,"anchorPoint":{"pointX":0.5,"pointY":0.5}},"texture":"34288A54BC8CD0D0F56A5D9E513CAE1D"}]}]},"effects":[],"duration":1,"type":"transition","attributes":{"direction":12},"name":"apple:push","objectID":"0"}],"automaticPlay":false,"hyperlinks":[{"url":"?slide=previous","targetRectangle":{"y":493.54669189453125,"x":24.88084602355957,"width":47.671695709228516,"height":92.9066162109375}},{"url":"?slide=next","events":{"3389FF3B-2420-434A-963C-6229EAE89BF2":{"effects":[{"beginTime":0,"baseLayer":{"animations":[],"initialState":{"affineTransform":[1,0,0,1,0,0],"masksToBounds":false,"rotation":0,"scale":1,"position":{"pointX":960,"pointY":540},"width":1920,"sublayerTransform":[1,0,0,0,0,1,0,0,0,0,1,0,0,0,0,1],"contentsRect":{"y":0,"x":0,"width":1,"height":1},"opacity":1,"edgeAntialiasingMask":251658240,"height":1080,"hidden":false,"anchorPoint":{"pointX":0.5,"pointY":0.5}},"objectID":"0","layers":[{"animations":[],"initialState":{"affineTransform":[1,0,0,1,0,0],"masksToBounds":false,"rotation":0,"scale":1,"position":{"pointX":960,"pointY":540},"width":1920,"sublayerTransform":[1,0,0,0,0,1,0,0,0,0,1,-0.00035007912466775983,0,0,0,1],"contentsRect":{"y":0,"x":0,"width":1,"height":1},"opacity":1,"edgeAntialiasingMask":251658240,"height":1080,"hidden":false,"anchorPoint":{"pointX":0.5,"pointY":0.5}},"layers":[{"animations":[{"repeatCount":0,"timingControlPoint2y":0.9959721565246582,"removedOnCompletion":false,"from":{"pointX":2880,"pointY":540},"timingFunction":"custom","additive":false,"timeOffset":0,"autoreverses":false,"timingControlPoint1x":0.49705871939659119,"fillMode":"both","property":"position","duration":1,"beginTime":0,"timingControlPoint2x":0.49811732769012451,"timingControlPoint1y":0,"to":{"pointX":960,"pointY":540}}],"layers":[],"texturedRectangle":{"isBackgroundTexture":false,"singleTextureOpacity":1,"textureType":0,"textBaseline":0,"textXHeight":0,"isVerticalText":false},"initialState":{"affineTransform":[1,0,0,1,0,0],"masksToBounds":false,"rotation":0,"scale":1,"position":{"pointX":960,"pointY":540},"width":1920,"sublayerTransform":[1,0,0,0,0,1,0,0,0,0,1,0,0,0,0,1],"contentsRect":{"y":0,"x":0,"width":1,"height":1},"opacity":1,"edgeAntialiasingMask":0,"height":1080,"hidden":false,"anchorPoint":{"pointX":0.5,"pointY":0.5}},"texture":"DFDD7DA96951781FFC4FE105CF1874CB"},{"animations":[{"repeatCount":0,"timingControlPoint2y":0.9959721565246582,"removedOnCompletion":false,"from":{"pointX":960,"pointY":540},"timingFunction":"custom","additive":false,"timeOffset":0,"autoreverses":false,"timingControlPoint1x":0.49705871939659119,"fillMode":"both","property":"position","duration":1,"beginTime":0,"timingControlPoint2x":0.49811732769012451,"timingControlPoint1y":0,"to":{"pointX":-960,"pointY":540}}],"layers":[],"texturedRectangle":{"isBackgroundTexture":false,"singleTextureOpacity":1,"textureType":0,"textBaseline":0,"textXHeight":0,"isVerticalText":false},"initialState":{"affineTransform":[1,0,0,1,0,0],"masksToBounds":false,"rotation":0,"scale":1,"position":{"pointX":960,"pointY":540},"width":1920,"sublayerTransform":[1,0,0,0,0,1,0,0,0,0,1,0,0,0,0,1],"contentsRect":{"y":0,"x":0,"width":1,"height":1},"opacity":1,"edgeAntialiasingMask":0,"height":1080,"hidden":false,"anchorPoint":{"pointX":0.5,"pointY":0.5}},"texture":"34288A54BC8CD0D0F56A5D9E513CAE1D"}]}]},"effects":[],"duration":1,"type":"transition","attributes":{"direction":12},"name":"apple:push","objectID":"0"}],"automaticPlay":false,"hyperlinks":[],"accessibility":[],"baseLayer":{"animations":[],"initialState":{"affineTransform":[1,0,0,1,0,0],"masksToBounds":false,"rotation":0,"scale":1,"position":{"pointX":960,"pointY":540},"width":1920,"sublayerTransform":[1,0,0,0,0,1,0,0,0,0,1,0,0,0,0,1],"contentsRect":{"y":0,"x":0,"width":1,"height":1},"opacity":1,"edgeAntialiasingMask":251658240,"height":1080,"hidden":false,"anchorPoint":{"pointX":0.5,"pointY":0.5}},"objectID":"0","layers":[{"animations":[],"initialState":{"affineTransform":[1,0,0,1,0,0],"masksToBounds":false,"rotation":0,"scale":1,"position":{"pointX":960,"pointY":540},"width":1920,"sublayerTransform":[1,0,0,0,0,1,0,0,0,0,1,-0.00035007912466775983,0,0,0,1],"contentsRect":{"y":0,"x":0,"width":1,"height":1},"opacity":1,"edgeAntialiasingMask":251658240,"height":1080,"hidden":false,"anchorPoint":{"pointX":0.5,"pointY":0.5}},"layers":[{"animations":[],"layers":[],"texturedRectangle":{"isBackgroundTexture":false,"singleTextureOpacity":1,"textureType":0,"textBaseline":0,"textXHeight":0,"isVerticalText":false},"initialState":{"affineTransform":[1,0,0,1,0,0],"masksToBounds":false,"rotation":0,"scale":1,"position":{"pointX":960,"pointY":540},"width":1920,"sublayerTransform":[1,0,0,0,0,1,0,0,0,0,1,0,0,0,0,1],"contentsRect":{"y":0,"x":0,"width":1,"height":1},"opacity":1,"edgeAntialiasingMask":0,"height":1080,"hidden":false,"anchorPoint":{"pointX":0.5,"pointY":0.5}},"texture":"34288A54BC8CD0D0F56A5D9E513CAE1D"}]}]}}},"targetRectangle":{"y":493.54669189453125,"x":1847.447509765625,"width":47.671695709228516,"height":92.9066162109375}},{"url":"?slideid=31EE2C72-14C3-41D2-A988-86EFCE8D67B1","targetRectangle":{"y":57.343170166015625,"x":37.072996139526367,"width":127.14365386962891,"height":50.500091552734375}}],"accessibility":[{"text":"210 words","targetRectangle":{"y":992.2259446978569,"x":906.072998046875,"width":106.85399991148711,"height":38.299995541572571}},{"text":"1","targetRectangle":{"y":26.238397598266602,"x":29.89423942565918,"width":12.93,"height":30.999987840652466}},{"text":"This Market Report is the lite version of our Institutional Market Report on Crypto Markets, Deep dive research within specific digital assets, with data points and analytics regarding the overall Crypto currency space.","targetRectangle":{"y":515.68487548828125,"x":99.621826171875,"width":787.79799924272288,"height":114.89998662471771}},{"text":"This Market Report is the lite version of our Institutional Market Report on Crypto Markets, Deep dive research within specific digital assets, with data points and analytics regarding the overall Crypto currency space.","targetRectangle":{"y":630.58486211299896,"x":99.621826171875,"width":787.79799924272288,"height":114.89998662471771}},{"text":"This Market Report is the lite version of our Institutional Market Report on Crypto Markets, Deep dive research within specific digital assets, with data This Market Report is the lite version of our Institutional Market Report on Crypto Markets, Deep dive research within specific digital assets, with data points and analytics regarding the overall Crypto currency space.","targetRectangle":{"y":745.48484873771667,"x":99.621826171875,"width":787.79799924272288,"height":191.49997770786285}},{"text":"photo-1639754391037-98dd3cb74e09.jpeg","targetRectangle":{"y":93.277069091796761,"x":989.71955871582031,"width":819.69931360420014,"height":493.21875}},{"text":"This Market Report is the lite version of our Institutional Market Report on Crypto Markets, Deep dive research within specific digital assets, with data points and analytics regarding the overall Crypto currency space.","targetRectangle":{"y":627.15948486328125,"x":989.71954345703125,"width":787.79799924272288,"height":114.89998662471771}},{"text":"This Market Report is the lite version of our Institutional Market Report on Crypto Markets, Deep dive research within specific digital assets, with data points and analytics regarding the overall Crypto currency space.","targetRectangle":{"y":742.05947148799896,"x":989.71954345703125,"width":787.79799924272288,"height":114.89998662471771}},{"text":"This Market Report is the lite version of our Institutional Market Report on Crypto Markets, Deep dive research within specific digital assets, with data","targetRectangle":{"y":856.95945811271667,"x":989.71954345703125,"width":782.58399924272294,"height":76.599991083145142}},{"text":"Main menu","targetRectangle":{"y":73.343170166015625,"x":41.072996139526367,"width":115.06400000000002,"height":19.199992299079895}},{"text":"Market Sentiment","targetRectangle":{"y":208,"x":129.621826171875,"width":376.70400000000001,"height":153.31197601127587}},{"text":"Macro View of the market","targetRectangle":{"y":361.34401427841112,"x":129.621826171875,"width":352.39680000000004,"height":29.239988327026367}},{"text":"1807.png","targetRectangle":{"y":78.962249755859375,"x":544.19146728515625,"width":355.85589599609375,"height":355.85589599609375}}],"baseLayer":{"animations":[],"initialState":{"affineTransform":[1,0,0,1,0,0],"masksToBounds":false,"rotation":0,"scale":1,"position":{"pointX":960,"pointY":540},"width":1920,"sublayerTransform":[1,0,0,0,0,1,0,0,0,0,1,0,0,0,0,1],"contentsRect":{"y":0,"x":0,"width":1,"height":1},"opacity":1,"edgeAntialiasingMask":251658240,"height":1080,"hidden":false,"anchorPoint":{"pointX":0.5,"pointY":0.5}},"objectID":"0","layers":[{"animations":[],"initialState":{"affineTransform":[1,0,0,1,0,0],"masksToBounds":false,"rotation":0,"scale":1,"position":{"pointX":960,"pointY":540},"width":1920,"sublayerTransform":[1,0,0,0,0,1,0,0,0,0,1,-0.00035007912466775983,0,0,0,1],"contentsRect":{"y":0,"x":0,"width":1,"height":1},"opacity":1,"edgeAntialiasingMask":251658240,"height":1080,"hidden":false,"anchorPoint":{"pointX":0.5,"pointY":0.5}},"layers":[{"animations":[],"layers":[],"texturedRectangle":{"isBackgroundTexture":false,"singleTextureOpacity":1,"textureType":0,"textBaseline":0,"textXHeight":0,"isVerticalText":false},"initialState":{"affineTransform":[1,0,0,1,0,0],"masksToBounds":false,"rotation":0,"scale":1,"position":{"pointX":960,"pointY":540},"width":1920,"sublayerTransform":[1,0,0,0,0,1,0,0,0,0,1,0,0,0,0,1],"contentsRect":{"y":0,"x":0,"width":1,"height":1},"opacity":1,"edgeAntialiasingMask":0,"height":1080,"hidden":false,"anchorPoint":{"pointX":0.5,"pointY":0.5}},"texture":"34288A54BC8CD0D0F56A5D9E513CAE1D"}]}]}}]}