{"autoplayTransitionDelay":5,"author":"","timestamp":"2022-47-16 15:5:9","loopSlideshow":0,"filename":"Untitled","autoplayBuildDelay":2,"comment":"","title":"Untitled","showMode":0,"creator":"Apple Keynote 12.0","slideList":["FDF5383B-5AF4-437A-93B0-0894B51F1C1E","3389FF3B-2420-434A-963C-6229EAE89BF2"],"soundtrack":{"mode":0,"volume":1},"slideWidth":1920,"slideHeight":1080,"slideCount":2,"majorVersion":1,"minorVersion":2,"fonts":["Helvetica-Light","HelveticaNeue-Bold","HelveticaNeue","Orkney-Regular","Orkney-Medium","Helvetica","Orkney-Bold","HelveticaNeue-Medium"]}