{"assets":{"DFDD7DA96951781FFC4FE105CF1874CB":{"type":"texture","index":0,"assetRequest":{"type":"slide","state":"contents","slide":"none"},"url":{"native":"assets\/3389FF3B-2420-434A-963C-6229EAE89BF2.pdf"},"width":1920,"height":1080},"5BA6DF7ACEF516F7DAB78587CF30CE20":{"type":"texture","index":1,"assetRequest":{"type":"slide","state":"contents","slide":"none"},"url":{"native":"assets\/3389FF3B-2420-434A-963C-6229EAE89BF2.pdf"},"width":1920,"height":1080},"34288A54BC8CD0D0F56A5D9E513CAE1D":{"type":"texture","index":2,"assetRequest":{"type":"slide","state":"contents","slide":"none"},"url":{"native":"assets\/3389FF3B-2420-434A-963C-6229EAE89BF2.pdf"},"width":1920,"height":1080}},"events":[{"effects":[{"beginTime":0,"baseLayer":{"animations":[],"initialState":{"affineTransform":[1,0,0,1,0,0],"masksToBounds":false,"rotation":0,"scale":1,"position":{"pointX":960,"pointY":540},"width":1920,"sublayerTransform":[1,0,0,0,0,1,0,0,0,0,1,0,0,0,0,1],"contentsRect":{"y":0,"x":0,"width":1,"height":1},"opacity":1,"edgeAntialiasingMask":251658240,"height":1080,"hidden":false,"anchorPoint":{"pointX":0.5,"pointY":0.5}},"objectID":"0","layers":[{"animations":[],"initialState":{"affineTransform":[1,0,0,1,0,0],"masksToBounds":false,"rotation":0,"scale":1,"position":{"pointX":960,"pointY":540},"width":1920,"sublayerTransform":[1,0,0,0,0,1,0,0,0,0,1,-0.00035007912466775983,0,0,0,1],"contentsRect":{"y":0,"x":0,"width":1,"height":1},"opacity":1,"edgeAntialiasingMask":251658240,"height":1080,"hidden":false,"anchorPoint":{"pointX":0.5,"pointY":0.5}},"layers":[{"animations":[{"additive":false,"timeOffset":0,"beginTime":0,"from":{"scalar":true},"repeatCount":0,"fillMode":"both","duration":1,"autoreverses":false,"property":"hidden","to":{"scalar":true},"removedOnCompletion":false}],"layers":[],"texturedRectangle":{"isBackgroundTexture":false,"singleTextureOpacity":1,"textureType":0,"textBaseline":0,"textXHeight":0,"isVerticalText":false},"initialState":{"affineTransform":[1,0,0,1,0,0],"masksToBounds":false,"rotation":0,"scale":1,"position":{"pointX":960,"pointY":540},"width":1920,"sublayerTransform":[1,0,0,0,0,1,0,0,0,0,1,0,0,0,0,1],"contentsRect":{"y":0,"x":0,"width":1,"height":1},"opacity":1,"edgeAntialiasingMask":0,"height":1080,"hidden":false,"anchorPoint":{"pointX":0.5,"pointY":0.5}},"texture":"5BA6DF7ACEF516F7DAB78587CF30CE20"},{"animations":[{"additive":false,"timeOffset":0,"beginTime":0,"from":{"scalar":true},"repeatCount":0,"fillMode":"both","duration":1,"autoreverses":false,"property":"hidden","to":{"scalar":true},"removedOnCompletion":false}],"layers":[],"texturedRectangle":{"isBackgroundTexture":false,"singleTextureOpacity":1,"textureType":0,"textBaseline":0,"textXHeight":0,"isVerticalText":false},"initialState":{"affineTransform":[1,0,0,1,0,0],"masksToBounds":false,"rotation":0,"scale":1,"position":{"pointX":960,"pointY":540},"width":1920,"sublayerTransform":[1,0,0,0,0,1,0,0,0,0,1,0,0,0,0,1],"contentsRect":{"y":0,"x":0,"width":1,"height":1},"opacity":1,"edgeAntialiasingMask":0,"height":1080,"hidden":false,"anchorPoint":{"pointX":0.5,"pointY":0.5}},"texture":"DFDD7DA96951781FFC4FE105CF1874CB"},{"animations":[],"initialState":{"affineTransform":[1,0,0,1,0,0],"scale":1,"rotation":0,"masksToBounds":false,"position":{"pointX":960,"pointY":540},"backgroundColor":[0,0,0,1],"width":1920,"sublayerTransform":[1,0,0,0,0,1,0,0,0,0,1,0,0,0,0,1],"contentsRect":{"y":0,"x":0,"width":1,"height":1},"opacity":1,"edgeAntialiasingMask":0,"height":1080,"hidden":false,"anchorPoint":{"pointX":0.5,"pointY":0.5}},"layers":[{"animations":[{"additive":false,"timeOffset":0,"beginTime":0,"repeatCount":0,"fillMode":"both","duration":1,"autoreverses":false,"animations":[{"repeatCount":0,"removedOnCompletion":true,"timingFunctions":[{"timingFunction":"EaseInEaseOut"},{"timingFunction":"EaseInEaseOut"},{"timingFunction":"EaseInEaseOut"}],"keyTimes":[0,0.33300000000000002,0.66600000000000004,1],"additive":false,"values":[{"scalar":1},{"scalar":0.66600000000000004},{"scalar":0.66600000000000004},{"scalar":1}],"timeOffset":0,"autoreverses":false,"property":"transform.scale.xy","fillMode":"removed","duration":1,"beginTime":0},{"repeatCount":0,"removedOnCompletion":true,"timingFunctions":[{"timingFunction":"EaseInEaseOut"},{"timingFunction":"EaseInEaseOut"},{"timingFunction":"EaseInEaseOut"}],"keyTimes":[0,0.33300000000000002,0.66600000000000004,1],"additive":false,"values":[{"pointX":0,"pointY":0},{"pointX":664.93439999999998,"pointY":374.02560000000005},{"pointX":-664.93439999999998,"pointY":374.02560000000005},{"pointX":-1996.8,"pointY":0}],"timeOffset":0,"autoreverses":false,"property":"transform.translation","fillMode":"removed","duration":1,"beginTime":0}],"removedOnCompletion":false}],"layers":[],"initialState":{"affineTransform":[1,0,0,1,0,0],"masksToBounds":false,"rotation":0,"scale":1,"position":{"pointX":-1036.8,"pointY":-583.20000000000005},"width":1920,"sublayerTransform":[1,0,0,0,0,1,0,0,0,0,1,0,0,0,0,1],"contentsRect":{"y":0,"x":0,"width":1,"height":1},"opacity":1,"edgeAntialiasingMask":251658240,"height":1080,"hidden":false,"anchorPoint":{"pointX":0.5,"pointY":0.5}},"texture":"DFDD7DA96951781FFC4FE105CF1874CB"},{"animations":[{"additive":false,"timeOffset":0,"beginTime":0,"repeatCount":0,"fillMode":"both","duration":1,"autoreverses":false,"animations":[{"repeatCount":0,"removedOnCompletion":true,"timingFunctions":[{"timingFunction":"EaseInEaseOut"},{"timingFunction":"EaseInEaseOut"},{"timingFunction":"EaseInEaseOut"}],"keyTimes":[0,0.33300000000000002,0.66600000000000004,1],"additive":false,"values":[{"scalar":1},{"scalar":0.66600000000000004},{"scalar":0.66600000000000004},{"scalar":1}],"timeOffset":0,"autoreverses":false,"property":"transform.scale.xy","fillMode":"removed","duration":1,"beginTime":0},{"repeatCount":0,"removedOnCompletion":true,"timingFunctions":[{"timingFunction":"EaseInEaseOut"},{"timingFunction":"EaseInEaseOut"},{"timingFunction":"EaseInEaseOut"}],"keyTimes":[0,0.33300000000000002,0.66600000000000004,1],"additive":false,"values":[{"pointX":0,"pointY":0},{"pointX":-0,"pointY":374.02560000000005},{"pointX":-1329.8688,"pointY":374.02560000000005},{"pointX":-1996.8,"pointY":0}],"timeOffset":0,"autoreverses":false,"property":"transform.translation","fillMode":"removed","duration":1,"beginTime":0}],"removedOnCompletion":false}],"layers":[],"initialState":{"affineTransform":[1,0,0,1,0,0],"masksToBounds":false,"rotation":0,"scale":1,"position":{"pointX":960,"pointY":-583.20000000000005},"width":1920,"sublayerTransform":[1,0,0,0,0,1,0,0,0,0,1,0,0,0,0,1],"contentsRect":{"y":0,"x":0,"width":1,"height":1},"opacity":1,"edgeAntialiasingMask":251658240,"height":1080,"hidden":false,"anchorPoint":{"pointX":0.5,"pointY":0.5}},"texture":"5BA6DF7ACEF516F7DAB78587CF30CE20"},{"animations":[{"additive":false,"timeOffset":0,"beginTime":0,"repeatCount":0,"fillMode":"both","duration":1,"autoreverses":false,"animations":[{"repeatCount":0,"removedOnCompletion":true,"timingFunctions":[{"timingFunction":"EaseInEaseOut"},{"timingFunction":"EaseInEaseOut"},{"timingFunction":"EaseInEaseOut"}],"keyTimes":[0,0.33300000000000002,0.66600000000000004,1],"additive":false,"values":[{"scalar":1},{"scalar":0.66600000000000004},{"scalar":0.66600000000000004},{"scalar":1}],"timeOffset":0,"autoreverses":false,"property":"transform.scale.xy","fillMode":"removed","duration":1,"beginTime":0},{"repeatCount":0,"removedOnCompletion":true,"timingFunctions":[{"timingFunction":"EaseInEaseOut"},{"timingFunction":"EaseInEaseOut"},{"timingFunction":"EaseInEaseOut"}],"keyTimes":[0,0.33300000000000002,0.66600000000000004,1],"additive":false,"values":[{"pointX":0,"pointY":0},{"pointX":-664.93439999999998,"pointY":374.02560000000005},{"pointX":-1994.8031999999998,"pointY":374.02560000000005},{"pointX":-1996.8,"pointY":0}],"timeOffset":0,"autoreverses":false,"property":"transform.translation","fillMode":"removed","duration":1,"beginTime":0}],"removedOnCompletion":false}],"layers":[],"initialState":{"affineTransform":[1,0,0,1,0,0],"masksToBounds":false,"rotation":0,"scale":1,"position":{"pointX":2956.8000000000002,"pointY":-583.20000000000005},"width":1920,"sublayerTransform":[1,0,0,0,0,1,0,0,0,0,1,0,0,0,0,1],"contentsRect":{"y":0,"x":0,"width":1,"height":1},"opacity":1,"edgeAntialiasingMask":251658240,"height":1080,"hidden":false,"anchorPoint":{"pointX":0.5,"pointY":0.5}},"texture":"DFDD7DA96951781FFC4FE105CF1874CB"},{"animations":[{"additive":false,"timeOffset":0,"beginTime":0,"repeatCount":0,"fillMode":"both","duration":1,"autoreverses":false,"animations":[{"repeatCount":0,"removedOnCompletion":true,"timingFunctions":[{"timingFunction":"EaseInEaseOut"},{"timingFunction":"EaseInEaseOut"},{"timingFunction":"EaseInEaseOut"}],"keyTimes":[0,0.33300000000000002,0.66600000000000004,1],"additive":false,"values":[{"scalar":1},{"scalar":0.66600000000000004},{"scalar":0.66600000000000004},{"scalar":1}],"timeOffset":0,"autoreverses":false,"property":"transform.scale.xy","fillMode":"removed","duration":1,"beginTime":0},{"repeatCount":0,"removedOnCompletion":true,"timingFunctions":[{"timingFunction":"EaseInEaseOut"},{"timingFunction":"EaseInEaseOut"},{"timingFunction":"EaseInEaseOut"}],"keyTimes":[0,0.33300000000000002,0.66600000000000004,1],"additive":false,"values":[{"pointX":0,"pointY":0},{"pointX":-1329.8688,"pointY":374.02560000000005},{"pointX":-2659.7375999999999,"pointY":374.02560000000005},{"pointX":-1996.8,"pointY":0}],"timeOffset":0,"autoreverses":false,"property":"transform.translation","fillMode":"removed","duration":1,"beginTime":0}],"removedOnCompletion":false}],"layers":[],"initialState":{"affineTransform":[1,0,0,1,0,0],"masksToBounds":false,"rotation":0,"scale":1,"position":{"pointX":4953.6000000000004,"pointY":-583.20000000000005},"width":1920,"sublayerTransform":[1,0,0,0,0,1,0,0,0,0,1,0,0,0,0,1],"contentsRect":{"y":0,"x":0,"width":1,"height":1},"opacity":1,"edgeAntialiasingMask":251658240,"height":1080,"hidden":false,"anchorPoint":{"pointX":0.5,"pointY":0.5}},"texture":"5BA6DF7ACEF516F7DAB78587CF30CE20"},{"animations":[{"additive":false,"timeOffset":0,"beginTime":0,"repeatCount":0,"fillMode":"both","duration":1,"autoreverses":false,"animations":[{"repeatCount":0,"removedOnCompletion":true,"timingFunctions":[{"timingFunction":"EaseInEaseOut"},{"timingFunction":"EaseInEaseOut"},{"timingFunction":"EaseInEaseOut"}],"keyTimes":[0,0.33300000000000002,0.66600000000000004,1],"additive":false,"values":[{"scalar":1},{"scalar":0.66600000000000004},{"scalar":0.66600000000000004},{"scalar":1}],"timeOffset":0,"autoreverses":false,"property":"transform.scale.xy","fillMode":"removed","duration":1,"beginTime":0},{"repeatCount":0,"removedOnCompletion":true,"timingFunctions":[{"timingFunction":"EaseInEaseOut"},{"timingFunction":"EaseInEaseOut"},{"timingFunction":"EaseInEaseOut"}],"keyTimes":[0,0.33300000000000002,0.66600000000000004,1],"additive":false,"values":[{"pointX":0,"pointY":0},{"pointX":664.93439999999998,"pointY":-0},{"pointX":-664.93439999999998,"pointY":0},{"pointX":-1996.8,"pointY":0}],"timeOffset":0,"autoreverses":false,"property":"transform.translation","fillMode":"removed","duration":1,"beginTime":0}],"removedOnCompletion":false}],"layers":[],"initialState":{"affineTransform":[1,0,0,1,0,0],"masksToBounds":false,"rotation":0,"scale":1,"position":{"pointX":-1036.8,"pointY":540},"width":1920,"sublayerTransform":[1,0,0,0,0,1,0,0,0,0,1,0,0,0,0,1],"contentsRect":{"y":0,"x":0,"width":1,"height":1},"opacity":1,"edgeAntialiasingMask":251658240,"height":1080,"hidden":false,"anchorPoint":{"pointX":0.5,"pointY":0.5}},"texture":"5BA6DF7ACEF516F7DAB78587CF30CE20"},{"animations":[{"additive":false,"timeOffset":0,"beginTime":0,"repeatCount":0,"fillMode":"both","duration":1,"autoreverses":false,"animations":[{"repeatCount":0,"removedOnCompletion":true,"timingFunctions":[{"timingFunction":"EaseInEaseOut"},{"timingFunction":"EaseInEaseOut"},{"timingFunction":"EaseInEaseOut"}],"keyTimes":[0,0.33300000000000002,0.66600000000000004,1],"additive":false,"values":[{"scalar":1},{"scalar":0.66600000000000004},{"scalar":0.66600000000000004},{"scalar":1}],"timeOffset":0,"autoreverses":false,"property":"transform.scale.xy","fillMode":"removed","duration":1,"beginTime":0},{"repeatCount":0,"removedOnCompletion":true,"timingFunctions":[{"timingFunction":"EaseInEaseOut"},{"timingFunction":"EaseInEaseOut"},{"timingFunction":"EaseInEaseOut"}],"keyTimes":[0,0.33300000000000002,0.66600000000000004,1],"additive":false,"values":[{"pointX":0,"pointY":0},{"pointX":-0,"pointY":-0},{"pointX":-1329.8688,"pointY":0},{"pointX":-1996.8,"pointY":0}],"timeOffset":0,"autoreverses":false,"property":"transform.translation","fillMode":"removed","duration":1,"beginTime":0}],"removedOnCompletion":false}],"layers":[],"initialState":{"affineTransform":[1,0,0,1,0,0],"masksToBounds":false,"rotation":0,"scale":1,"position":{"pointX":960,"pointY":540},"width":1920,"sublayerTransform":[1,0,0,0,0,1,0,0,0,0,1,0,0,0,0,1],"contentsRect":{"y":0,"x":0,"width":1,"height":1},"opacity":1,"edgeAntialiasingMask":251658240,"height":1080,"hidden":false,"anchorPoint":{"pointX":0.5,"pointY":0.5}},"texture":"DFDD7DA96951781FFC4FE105CF1874CB"},{"animations":[{"additive":false,"timeOffset":0,"beginTime":0,"repeatCount":0,"fillMode":"both","duration":1,"autoreverses":false,"animations":[{"repeatCount":0,"removedOnCompletion":true,"timingFunctions":[{"timingFunction":"EaseInEaseOut"},{"timingFunction":"EaseInEaseOut"},{"timingFunction":"EaseInEaseOut"}],"keyTimes":[0,0.33300000000000002,0.66600000000000004,1],"additive":false,"values":[{"scalar":1},{"scalar":0.66600000000000004},{"scalar":0.66600000000000004},{"scalar":1}],"timeOffset":0,"autoreverses":false,"property":"transform.scale.xy","fillMode":"removed","duration":1,"beginTime":0},{"repeatCount":0,"removedOnCompletion":true,"timingFunctions":[{"timingFunction":"EaseInEaseOut"},{"timingFunction":"EaseInEaseOut"},{"timingFunction":"EaseInEaseOut"}],"keyTimes":[0,0.33300000000000002,0.66600000000000004,1],"additive":false,"values":[{"pointX":0,"pointY":0},{"pointX":-664.93439999999998,"pointY":-0},{"pointX":-1994.8031999999998,"pointY":0},{"pointX":-1996.8,"pointY":0}],"timeOffset":0,"autoreverses":false,"property":"transform.translation","fillMode":"removed","duration":1,"beginTime":0}],"removedOnCompletion":false}],"layers":[],"initialState":{"affineTransform":[1,0,0,1,0,0],"masksToBounds":false,"rotation":0,"scale":1,"position":{"pointX":2956.8000000000002,"pointY":540},"width":1920,"sublayerTransform":[1,0,0,0,0,1,0,0,0,0,1,0,0,0,0,1],"contentsRect":{"y":0,"x":0,"width":1,"height":1},"opacity":1,"edgeAntialiasingMask":251658240,"height":1080,"hidden":false,"anchorPoint":{"pointX":0.5,"pointY":0.5}},"texture":"5BA6DF7ACEF516F7DAB78587CF30CE20"},{"animations":[{"additive":false,"timeOffset":0,"beginTime":0,"repeatCount":0,"fillMode":"both","duration":1,"autoreverses":false,"animations":[{"repeatCount":0,"removedOnCompletion":true,"timingFunctions":[{"timingFunction":"EaseInEaseOut"},{"timingFunction":"EaseInEaseOut"},{"timingFunction":"EaseInEaseOut"}],"keyTimes":[0,0.33300000000000002,0.66600000000000004,1],"additive":false,"values":[{"scalar":1},{"scalar":0.66600000000000004},{"scalar":0.66600000000000004},{"scalar":1}],"timeOffset":0,"autoreverses":false,"property":"transform.scale.xy","fillMode":"removed","duration":1,"beginTime":0},{"repeatCount":0,"removedOnCompletion":true,"timingFunctions":[{"timingFunction":"EaseInEaseOut"},{"timingFunction":"EaseInEaseOut"},{"timingFunction":"EaseInEaseOut"}],"keyTimes":[0,0.33300000000000002,0.66600000000000004,1],"additive":false,"values":[{"pointX":0,"pointY":0},{"pointX":-1329.8688,"pointY":-0},{"pointX":-2659.7375999999999,"pointY":0},{"pointX":-1996.8,"pointY":0}],"timeOffset":0,"autoreverses":false,"property":"transform.translation","fillMode":"removed","duration":1,"beginTime":0}],"removedOnCompletion":false}],"layers":[],"initialState":{"affineTransform":[1,0,0,1,0,0],"masksToBounds":false,"rotation":0,"scale":1,"position":{"pointX":4953.6000000000004,"pointY":540},"width":1920,"sublayerTransform":[1,0,0,0,0,1,0,0,0,0,1,0,0,0,0,1],"contentsRect":{"y":0,"x":0,"width":1,"height":1},"opacity":1,"edgeAntialiasingMask":251658240,"height":1080,"hidden":false,"anchorPoint":{"pointX":0.5,"pointY":0.5}},"texture":"DFDD7DA96951781FFC4FE105CF1874CB"},{"animations":[{"additive":false,"timeOffset":0,"beginTime":0,"repeatCount":0,"fillMode":"both","duration":1,"autoreverses":false,"animations":[{"repeatCount":0,"removedOnCompletion":true,"timingFunctions":[{"timingFunction":"EaseInEaseOut"},{"timingFunction":"EaseInEaseOut"},{"timingFunction":"EaseInEaseOut"}],"keyTimes":[0,0.33300000000000002,0.66600000000000004,1],"additive":false,"values":[{"scalar":1},{"scalar":0.66600000000000004},{"scalar":0.66600000000000004},{"scalar":1}],"timeOffset":0,"autoreverses":false,"property":"transform.scale.xy","fillMode":"removed","duration":1,"beginTime":0},{"repeatCount":0,"removedOnCompletion":true,"timingFunctions":[{"timingFunction":"EaseInEaseOut"},{"timingFunction":"EaseInEaseOut"},{"timingFunction":"EaseInEaseOut"}],"keyTimes":[0,0.33300000000000002,0.66600000000000004,1],"additive":false,"values":[{"pointX":0,"pointY":0},{"pointX":664.93439999999998,"pointY":-374.02560000000005},{"pointX":-664.93439999999998,"pointY":-374.02560000000005},{"pointX":-1996.8,"pointY":0}],"timeOffset":0,"autoreverses":false,"property":"transform.translation","fillMode":"removed","duration":1,"beginTime":0}],"removedOnCompletion":false}],"layers":[],"initialState":{"affineTransform":[1,0,0,1,0,0],"masksToBounds":false,"rotation":0,"scale":1,"position":{"pointX":-1036.8,"pointY":1663.2},"width":1920,"sublayerTransform":[1,0,0,0,0,1,0,0,0,0,1,0,0,0,0,1],"contentsRect":{"y":0,"x":0,"width":1,"height":1},"opacity":1,"edgeAntialiasingMask":251658240,"height":1080,"hidden":false,"anchorPoint":{"pointX":0.5,"pointY":0.5}},"texture":"DFDD7DA96951781FFC4FE105CF1874CB"},{"animations":[{"additive":false,"timeOffset":0,"beginTime":0,"repeatCount":0,"fillMode":"both","duration":1,"autoreverses":false,"animations":[{"repeatCount":0,"removedOnCompletion":true,"timingFunctions":[{"timingFunction":"EaseInEaseOut"},{"timingFunction":"EaseInEaseOut"},{"timingFunction":"EaseInEaseOut"}],"keyTimes":[0,0.33300000000000002,0.66600000000000004,1],"additive":false,"values":[{"scalar":1},{"scalar":0.66600000000000004},{"scalar":0.66600000000000004},{"scalar":1}],"timeOffset":0,"autoreverses":false,"property":"transform.scale.xy","fillMode":"removed","duration":1,"beginTime":0},{"repeatCount":0,"removedOnCompletion":true,"timingFunctions":[{"timingFunction":"EaseInEaseOut"},{"timingFunction":"EaseInEaseOut"},{"timingFunction":"EaseInEaseOut"}],"keyTimes":[0,0.33300000000000002,0.66600000000000004,1],"additive":false,"values":[{"pointX":0,"pointY":0},{"pointX":-0,"pointY":-374.02560000000005},{"pointX":-1329.8688,"pointY":-374.02560000000005},{"pointX":-1996.8,"pointY":0}],"timeOffset":0,"autoreverses":false,"property":"transform.translation","fillMode":"removed","duration":1,"beginTime":0}],"removedOnCompletion":false}],"layers":[],"initialState":{"affineTransform":[1,0,0,1,0,0],"masksToBounds":false,"rotation":0,"scale":1,"position":{"pointX":960,"pointY":1663.2},"width":1920,"sublayerTransform":[1,0,0,0,0,1,0,0,0,0,1,0,0,0,0,1],"contentsRect":{"y":0,"x":0,"width":1,"height":1},"opacity":1,"edgeAntialiasingMask":251658240,"height":1080,"hidden":false,"anchorPoint":{"pointX":0.5,"pointY":0.5}},"texture":"5BA6DF7ACEF516F7DAB78587CF30CE20"},{"animations":[{"additive":false,"timeOffset":0,"beginTime":0,"repeatCount":0,"fillMode":"both","duration":1,"autoreverses":false,"animations":[{"repeatCount":0,"removedOnCompletion":true,"timingFunctions":[{"timingFunction":"EaseInEaseOut"},{"timingFunction":"EaseInEaseOut"},{"timingFunction":"EaseInEaseOut"}],"keyTimes":[0,0.33300000000000002,0.66600000000000004,1],"additive":false,"values":[{"scalar":1},{"scalar":0.66600000000000004},{"scalar":0.66600000000000004},{"scalar":1}],"timeOffset":0,"autoreverses":false,"property":"transform.scale.xy","fillMode":"removed","duration":1,"beginTime":0},{"repeatCount":0,"removedOnCompletion":true,"timingFunctions":[{"timingFunction":"EaseInEaseOut"},{"timingFunction":"EaseInEaseOut"},{"timingFunction":"EaseInEaseOut"}],"keyTimes":[0,0.33300000000000002,0.66600000000000004,1],"additive":false,"values":[{"pointX":0,"pointY":0},{"pointX":-664.93439999999998,"pointY":-374.02560000000005},{"pointX":-1994.8031999999998,"pointY":-374.02560000000005},{"pointX":-1996.8,"pointY":0}],"timeOffset":0,"autoreverses":false,"property":"transform.translation","fillMode":"removed","duration":1,"beginTime":0}],"removedOnCompletion":false}],"layers":[],"initialState":{"affineTransform":[1,0,0,1,0,0],"masksToBounds":false,"rotation":0,"scale":1,"position":{"pointX":2956.8000000000002,"pointY":1663.2},"width":1920,"sublayerTransform":[1,0,0,0,0,1,0,0,0,0,1,0,0,0,0,1],"contentsRect":{"y":0,"x":0,"width":1,"height":1},"opacity":1,"edgeAntialiasingMask":251658240,"height":1080,"hidden":false,"anchorPoint":{"pointX":0.5,"pointY":0.5}},"texture":"DFDD7DA96951781FFC4FE105CF1874CB"},{"animations":[{"additive":false,"timeOffset":0,"beginTime":0,"repeatCount":0,"fillMode":"both","duration":1,"autoreverses":false,"animations":[{"repeatCount":0,"removedOnCompletion":true,"timingFunctions":[{"timingFunction":"EaseInEaseOut"},{"timingFunction":"EaseInEaseOut"},{"timingFunction":"EaseInEaseOut"}],"keyTimes":[0,0.33300000000000002,0.66600000000000004,1],"additive":false,"values":[{"scalar":1},{"scalar":0.66600000000000004},{"scalar":0.66600000000000004},{"scalar":1}],"timeOffset":0,"autoreverses":false,"property":"transform.scale.xy","fillMode":"removed","duration":1,"beginTime":0},{"repeatCount":0,"removedOnCompletion":true,"timingFunctions":[{"timingFunction":"EaseInEaseOut"},{"timingFunction":"EaseInEaseOut"},{"timingFunction":"EaseInEaseOut"}],"keyTimes":[0,0.33300000000000002,0.66600000000000004,1],"additive":false,"values":[{"pointX":0,"pointY":0},{"pointX":-1329.8688,"pointY":-374.02560000000005},{"pointX":-2659.7375999999999,"pointY":-374.02560000000005},{"pointX":-1996.8,"pointY":0}],"timeOffset":0,"autoreverses":false,"property":"transform.translation","fillMode":"removed","duration":1,"beginTime":0}],"removedOnCompletion":false}],"layers":[],"initialState":{"affineTransform":[1,0,0,1,0,0],"masksToBounds":false,"rotation":0,"scale":1,"position":{"pointX":4953.6000000000004,"pointY":1663.2},"width":1920,"sublayerTransform":[1,0,0,0,0,1,0,0,0,0,1,0,0,0,0,1],"contentsRect":{"y":0,"x":0,"width":1,"height":1},"opacity":1,"edgeAntialiasingMask":251658240,"height":1080,"hidden":false,"anchorPoint":{"pointX":0.5,"pointY":0.5}},"texture":"5BA6DF7ACEF516F7DAB78587CF30CE20"}]}]}]},"effects":[],"duration":1,"type":"transition","attributes":{"direction":12},"name":"apple:apple-grid","objectID":"0"}],"automaticPlay":false,"hyperlinks":[{"url":"?slide=previous","events":{"FDF5383B-5AF4-437A-93B0-0894B51F1C1E":{"effects":[{"beginTime":0,"baseLayer":{"animations":[],"initialState":{"affineTransform":[1,0,0,1,0,0],"masksToBounds":false,"rotation":0,"scale":1,"position":{"pointX":960,"pointY":540},"width":1920,"sublayerTransform":[1,0,0,0,0,1,0,0,0,0,1,0,0,0,0,1],"contentsRect":{"y":0,"x":0,"width":1,"height":1},"opacity":1,"edgeAntialiasingMask":251658240,"height":1080,"hidden":false,"anchorPoint":{"pointX":0.5,"pointY":0.5}},"objectID":"0","layers":[{"animations":[],"initialState":{"affineTransform":[1,0,0,1,0,0],"masksToBounds":false,"rotation":0,"scale":1,"position":{"pointX":960,"pointY":540},"width":1920,"sublayerTransform":[1,0,0,0,0,1,0,0,0,0,1,-0.00035007912466775983,0,0,0,1],"contentsRect":{"y":0,"x":0,"width":1,"height":1},"opacity":1,"edgeAntialiasingMask":251658240,"height":1080,"hidden":false,"anchorPoint":{"pointX":0.5,"pointY":0.5}},"layers":[{"animations":[{"additive":false,"timeOffset":0,"beginTime":0,"from":{"scalar":true},"repeatCount":0,"fillMode":"both","duration":1,"autoreverses":false,"property":"hidden","to":{"scalar":true},"removedOnCompletion":false}],"layers":[],"texturedRectangle":{"isBackgroundTexture":false,"singleTextureOpacity":1,"textureType":0,"textBaseline":0,"textXHeight":0,"isVerticalText":false},"initialState":{"affineTransform":[1,0,0,1,0,0],"masksToBounds":false,"rotation":0,"scale":1,"position":{"pointX":960,"pointY":540},"width":1920,"sublayerTransform":[1,0,0,0,0,1,0,0,0,0,1,0,0,0,0,1],"contentsRect":{"y":0,"x":0,"width":1,"height":1},"opacity":1,"edgeAntialiasingMask":0,"height":1080,"hidden":false,"anchorPoint":{"pointX":0.5,"pointY":0.5}},"texture":"34288A54BC8CD0D0F56A5D9E513CAE1D"},{"animations":[{"additive":false,"timeOffset":0,"beginTime":0,"from":{"scalar":true},"repeatCount":0,"fillMode":"both","duration":1,"autoreverses":false,"property":"hidden","to":{"scalar":true},"removedOnCompletion":false}],"layers":[],"texturedRectangle":{"isBackgroundTexture":false,"singleTextureOpacity":1,"textureType":0,"textBaseline":0,"textXHeight":0,"isVerticalText":false},"initialState":{"affineTransform":[1,0,0,1,0,0],"masksToBounds":false,"rotation":0,"scale":1,"position":{"pointX":960,"pointY":540},"width":1920,"sublayerTransform":[1,0,0,0,0,1,0,0,0,0,1,0,0,0,0,1],"contentsRect":{"y":0,"x":0,"width":1,"height":1},"opacity":1,"edgeAntialiasingMask":0,"height":1080,"hidden":false,"anchorPoint":{"pointX":0.5,"pointY":0.5}},"texture":"DFDD7DA96951781FFC4FE105CF1874CB"},{"animations":[],"initialState":{"affineTransform":[1,0,0,1,0,0],"scale":1,"rotation":0,"masksToBounds":false,"position":{"pointX":960,"pointY":540},"backgroundColor":[0,0,0,1],"width":1920,"sublayerTransform":[1,0,0,0,0,1,0,0,0,0,1,0,0,0,0,1],"contentsRect":{"y":0,"x":0,"width":1,"height":1},"opacity":1,"edgeAntialiasingMask":0,"height":1080,"hidden":false,"anchorPoint":{"pointX":0.5,"pointY":0.5}},"layers":[{"animations":[{"additive":false,"timeOffset":0,"beginTime":0,"repeatCount":0,"fillMode":"both","duration":1,"autoreverses":false,"animations":[{"repeatCount":0,"removedOnCompletion":true,"timingFunctions":[{"timingFunction":"EaseInEaseOut"},{"timingFunction":"EaseInEaseOut"},{"timingFunction":"EaseInEaseOut"}],"keyTimes":[0,0.33300000000000002,0.66600000000000004,1],"additive":false,"values":[{"scalar":1},{"scalar":0.66600000000000004},{"scalar":0.66600000000000004},{"scalar":1}],"timeOffset":0,"autoreverses":false,"property":"transform.scale.xy","fillMode":"removed","duration":1,"beginTime":0},{"repeatCount":0,"removedOnCompletion":true,"timingFunctions":[{"timingFunction":"EaseInEaseOut"},{"timingFunction":"EaseInEaseOut"},{"timingFunction":"EaseInEaseOut"}],"keyTimes":[0,0.33300000000000002,0.66600000000000004,1],"additive":false,"values":[{"pointX":0,"pointY":0},{"pointX":664.93439999999998,"pointY":374.02560000000005},{"pointX":-664.93439999999998,"pointY":374.02560000000005},{"pointX":-1996.8,"pointY":0}],"timeOffset":0,"autoreverses":false,"property":"transform.translation","fillMode":"removed","duration":1,"beginTime":0}],"removedOnCompletion":false}],"layers":[],"initialState":{"affineTransform":[1,0,0,1,0,0],"masksToBounds":false,"rotation":0,"scale":1,"position":{"pointX":-1036.8,"pointY":-583.20000000000005},"width":1920,"sublayerTransform":[1,0,0,0,0,1,0,0,0,0,1,0,0,0,0,1],"contentsRect":{"y":0,"x":0,"width":1,"height":1},"opacity":1,"edgeAntialiasingMask":251658240,"height":1080,"hidden":false,"anchorPoint":{"pointX":0.5,"pointY":0.5}},"texture":"DFDD7DA96951781FFC4FE105CF1874CB"},{"animations":[{"additive":false,"timeOffset":0,"beginTime":0,"repeatCount":0,"fillMode":"both","duration":1,"autoreverses":false,"animations":[{"repeatCount":0,"removedOnCompletion":true,"timingFunctions":[{"timingFunction":"EaseInEaseOut"},{"timingFunction":"EaseInEaseOut"},{"timingFunction":"EaseInEaseOut"}],"keyTimes":[0,0.33300000000000002,0.66600000000000004,1],"additive":false,"values":[{"scalar":1},{"scalar":0.66600000000000004},{"scalar":0.66600000000000004},{"scalar":1}],"timeOffset":0,"autoreverses":false,"property":"transform.scale.xy","fillMode":"removed","duration":1,"beginTime":0},{"repeatCount":0,"removedOnCompletion":true,"timingFunctions":[{"timingFunction":"EaseInEaseOut"},{"timingFunction":"EaseInEaseOut"},{"timingFunction":"EaseInEaseOut"}],"keyTimes":[0,0.33300000000000002,0.66600000000000004,1],"additive":false,"values":[{"pointX":0,"pointY":0},{"pointX":-0,"pointY":374.02560000000005},{"pointX":-1329.8688,"pointY":374.02560000000005},{"pointX":-1996.8,"pointY":0}],"timeOffset":0,"autoreverses":false,"property":"transform.translation","fillMode":"removed","duration":1,"beginTime":0}],"removedOnCompletion":false}],"layers":[],"initialState":{"affineTransform":[1,0,0,1,0,0],"masksToBounds":false,"rotation":0,"scale":1,"position":{"pointX":960,"pointY":-583.20000000000005},"width":1920,"sublayerTransform":[1,0,0,0,0,1,0,0,0,0,1,0,0,0,0,1],"contentsRect":{"y":0,"x":0,"width":1,"height":1},"opacity":1,"edgeAntialiasingMask":251658240,"height":1080,"hidden":false,"anchorPoint":{"pointX":0.5,"pointY":0.5}},"texture":"34288A54BC8CD0D0F56A5D9E513CAE1D"},{"animations":[{"additive":false,"timeOffset":0,"beginTime":0,"repeatCount":0,"fillMode":"both","duration":1,"autoreverses":false,"animations":[{"repeatCount":0,"removedOnCompletion":true,"timingFunctions":[{"timingFunction":"EaseInEaseOut"},{"timingFunction":"EaseInEaseOut"},{"timingFunction":"EaseInEaseOut"}],"keyTimes":[0,0.33300000000000002,0.66600000000000004,1],"additive":false,"values":[{"scalar":1},{"scalar":0.66600000000000004},{"scalar":0.66600000000000004},{"scalar":1}],"timeOffset":0,"autoreverses":false,"property":"transform.scale.xy","fillMode":"removed","duration":1,"beginTime":0},{"repeatCount":0,"removedOnCompletion":true,"timingFunctions":[{"timingFunction":"EaseInEaseOut"},{"timingFunction":"EaseInEaseOut"},{"timingFunction":"EaseInEaseOut"}],"keyTimes":[0,0.33300000000000002,0.66600000000000004,1],"additive":false,"values":[{"pointX":0,"pointY":0},{"pointX":-664.93439999999998,"pointY":374.02560000000005},{"pointX":-1994.8031999999998,"pointY":374.02560000000005},{"pointX":-1996.8,"pointY":0}],"timeOffset":0,"autoreverses":false,"property":"transform.translation","fillMode":"removed","duration":1,"beginTime":0}],"removedOnCompletion":false}],"layers":[],"initialState":{"affineTransform":[1,0,0,1,0,0],"masksToBounds":false,"rotation":0,"scale":1,"position":{"pointX":2956.8000000000002,"pointY":-583.20000000000005},"width":1920,"sublayerTransform":[1,0,0,0,0,1,0,0,0,0,1,0,0,0,0,1],"contentsRect":{"y":0,"x":0,"width":1,"height":1},"opacity":1,"edgeAntialiasingMask":251658240,"height":1080,"hidden":false,"anchorPoint":{"pointX":0.5,"pointY":0.5}},"texture":"DFDD7DA96951781FFC4FE105CF1874CB"},{"animations":[{"additive":false,"timeOffset":0,"beginTime":0,"repeatCount":0,"fillMode":"both","duration":1,"autoreverses":false,"animations":[{"repeatCount":0,"removedOnCompletion":true,"timingFunctions":[{"timingFunction":"EaseInEaseOut"},{"timingFunction":"EaseInEaseOut"},{"timingFunction":"EaseInEaseOut"}],"keyTimes":[0,0.33300000000000002,0.66600000000000004,1],"additive":false,"values":[{"scalar":1},{"scalar":0.66600000000000004},{"scalar":0.66600000000000004},{"scalar":1}],"timeOffset":0,"autoreverses":false,"property":"transform.scale.xy","fillMode":"removed","duration":1,"beginTime":0},{"repeatCount":0,"removedOnCompletion":true,"timingFunctions":[{"timingFunction":"EaseInEaseOut"},{"timingFunction":"EaseInEaseOut"},{"timingFunction":"EaseInEaseOut"}],"keyTimes":[0,0.33300000000000002,0.66600000000000004,1],"additive":false,"values":[{"pointX":0,"pointY":0},{"pointX":-1329.8688,"pointY":374.02560000000005},{"pointX":-2659.7375999999999,"pointY":374.02560000000005},{"pointX":-1996.8,"pointY":0}],"timeOffset":0,"autoreverses":false,"property":"transform.translation","fillMode":"removed","duration":1,"beginTime":0}],"removedOnCompletion":false}],"layers":[],"initialState":{"affineTransform":[1,0,0,1,0,0],"masksToBounds":false,"rotation":0,"scale":1,"position":{"pointX":4953.6000000000004,"pointY":-583.20000000000005},"width":1920,"sublayerTransform":[1,0,0,0,0,1,0,0,0,0,1,0,0,0,0,1],"contentsRect":{"y":0,"x":0,"width":1,"height":1},"opacity":1,"edgeAntialiasingMask":251658240,"height":1080,"hidden":false,"anchorPoint":{"pointX":0.5,"pointY":0.5}},"texture":"34288A54BC8CD0D0F56A5D9E513CAE1D"},{"animations":[{"additive":false,"timeOffset":0,"beginTime":0,"repeatCount":0,"fillMode":"both","duration":1,"autoreverses":false,"animations":[{"repeatCount":0,"removedOnCompletion":true,"timingFunctions":[{"timingFunction":"EaseInEaseOut"},{"timingFunction":"EaseInEaseOut"},{"timingFunction":"EaseInEaseOut"}],"keyTimes":[0,0.33300000000000002,0.66600000000000004,1],"additive":false,"values":[{"scalar":1},{"scalar":0.66600000000000004},{"scalar":0.66600000000000004},{"scalar":1}],"timeOffset":0,"autoreverses":false,"property":"transform.scale.xy","fillMode":"removed","duration":1,"beginTime":0},{"repeatCount":0,"removedOnCompletion":true,"timingFunctions":[{"timingFunction":"EaseInEaseOut"},{"timingFunction":"EaseInEaseOut"},{"timingFunction":"EaseInEaseOut"}],"keyTimes":[0,0.33300000000000002,0.66600000000000004,1],"additive":false,"values":[{"pointX":0,"pointY":0},{"pointX":664.93439999999998,"pointY":-0},{"pointX":-664.93439999999998,"pointY":0},{"pointX":-1996.8,"pointY":0}],"timeOffset":0,"autoreverses":false,"property":"transform.translation","fillMode":"removed","duration":1,"beginTime":0}],"removedOnCompletion":false}],"layers":[],"initialState":{"affineTransform":[1,0,0,1,0,0],"masksToBounds":false,"rotation":0,"scale":1,"position":{"pointX":-1036.8,"pointY":540},"width":1920,"sublayerTransform":[1,0,0,0,0,1,0,0,0,0,1,0,0,0,0,1],"contentsRect":{"y":0,"x":0,"width":1,"height":1},"opacity":1,"edgeAntialiasingMask":251658240,"height":1080,"hidden":false,"anchorPoint":{"pointX":0.5,"pointY":0.5}},"texture":"34288A54BC8CD0D0F56A5D9E513CAE1D"},{"animations":[{"additive":false,"timeOffset":0,"beginTime":0,"repeatCount":0,"fillMode":"both","duration":1,"autoreverses":false,"animations":[{"repeatCount":0,"removedOnCompletion":true,"timingFunctions":[{"timingFunction":"EaseInEaseOut"},{"timingFunction":"EaseInEaseOut"},{"timingFunction":"EaseInEaseOut"}],"keyTimes":[0,0.33300000000000002,0.66600000000000004,1],"additive":false,"values":[{"scalar":1},{"scalar":0.66600000000000004},{"scalar":0.66600000000000004},{"scalar":1}],"timeOffset":0,"autoreverses":false,"property":"transform.scale.xy","fillMode":"removed","duration":1,"beginTime":0},{"repeatCount":0,"removedOnCompletion":true,"timingFunctions":[{"timingFunction":"EaseInEaseOut"},{"timingFunction":"EaseInEaseOut"},{"timingFunction":"EaseInEaseOut"}],"keyTimes":[0,0.33300000000000002,0.66600000000000004,1],"additive":false,"values":[{"pointX":0,"pointY":0},{"pointX":-0,"pointY":-0},{"pointX":-1329.8688,"pointY":0},{"pointX":-1996.8,"pointY":0}],"timeOffset":0,"autoreverses":false,"property":"transform.translation","fillMode":"removed","duration":1,"beginTime":0}],"removedOnCompletion":false}],"layers":[],"initialState":{"affineTransform":[1,0,0,1,0,0],"masksToBounds":false,"rotation":0,"scale":1,"position":{"pointX":960,"pointY":540},"width":1920,"sublayerTransform":[1,0,0,0,0,1,0,0,0,0,1,0,0,0,0,1],"contentsRect":{"y":0,"x":0,"width":1,"height":1},"opacity":1,"edgeAntialiasingMask":251658240,"height":1080,"hidden":false,"anchorPoint":{"pointX":0.5,"pointY":0.5}},"texture":"DFDD7DA96951781FFC4FE105CF1874CB"},{"animations":[{"additive":false,"timeOffset":0,"beginTime":0,"repeatCount":0,"fillMode":"both","duration":1,"autoreverses":false,"animations":[{"repeatCount":0,"removedOnCompletion":true,"timingFunctions":[{"timingFunction":"EaseInEaseOut"},{"timingFunction":"EaseInEaseOut"},{"timingFunction":"EaseInEaseOut"}],"keyTimes":[0,0.33300000000000002,0.66600000000000004,1],"additive":false,"values":[{"scalar":1},{"scalar":0.66600000000000004},{"scalar":0.66600000000000004},{"scalar":1}],"timeOffset":0,"autoreverses":false,"property":"transform.scale.xy","fillMode":"removed","duration":1,"beginTime":0},{"repeatCount":0,"removedOnCompletion":true,"timingFunctions":[{"timingFunction":"EaseInEaseOut"},{"timingFunction":"EaseInEaseOut"},{"timingFunction":"EaseInEaseOut"}],"keyTimes":[0,0.33300000000000002,0.66600000000000004,1],"additive":false,"values":[{"pointX":0,"pointY":0},{"pointX":-664.93439999999998,"pointY":-0},{"pointX":-1994.8031999999998,"pointY":0},{"pointX":-1996.8,"pointY":0}],"timeOffset":0,"autoreverses":false,"property":"transform.translation","fillMode":"removed","duration":1,"beginTime":0}],"removedOnCompletion":false}],"layers":[],"initialState":{"affineTransform":[1,0,0,1,0,0],"masksToBounds":false,"rotation":0,"scale":1,"position":{"pointX":2956.8000000000002,"pointY":540},"width":1920,"sublayerTransform":[1,0,0,0,0,1,0,0,0,0,1,0,0,0,0,1],"contentsRect":{"y":0,"x":0,"width":1,"height":1},"opacity":1,"edgeAntialiasingMask":251658240,"height":1080,"hidden":false,"anchorPoint":{"pointX":0.5,"pointY":0.5}},"texture":"34288A54BC8CD0D0F56A5D9E513CAE1D"},{"animations":[{"additive":false,"timeOffset":0,"beginTime":0,"repeatCount":0,"fillMode":"both","duration":1,"autoreverses":false,"animations":[{"repeatCount":0,"removedOnCompletion":true,"timingFunctions":[{"timingFunction":"EaseInEaseOut"},{"timingFunction":"EaseInEaseOut"},{"timingFunction":"EaseInEaseOut"}],"keyTimes":[0,0.33300000000000002,0.66600000000000004,1],"additive":false,"values":[{"scalar":1},{"scalar":0.66600000000000004},{"scalar":0.66600000000000004},{"scalar":1}],"timeOffset":0,"autoreverses":false,"property":"transform.scale.xy","fillMode":"removed","duration":1,"beginTime":0},{"repeatCount":0,"removedOnCompletion":true,"timingFunctions":[{"timingFunction":"EaseInEaseOut"},{"timingFunction":"EaseInEaseOut"},{"timingFunction":"EaseInEaseOut"}],"keyTimes":[0,0.33300000000000002,0.66600000000000004,1],"additive":false,"values":[{"pointX":0,"pointY":0},{"pointX":-1329.8688,"pointY":-0},{"pointX":-2659.7375999999999,"pointY":0},{"pointX":-1996.8,"pointY":0}],"timeOffset":0,"autoreverses":false,"property":"transform.translation","fillMode":"removed","duration":1,"beginTime":0}],"removedOnCompletion":false}],"layers":[],"initialState":{"affineTransform":[1,0,0,1,0,0],"masksToBounds":false,"rotation":0,"scale":1,"position":{"pointX":4953.6000000000004,"pointY":540},"width":1920,"sublayerTransform":[1,0,0,0,0,1,0,0,0,0,1,0,0,0,0,1],"contentsRect":{"y":0,"x":0,"width":1,"height":1},"opacity":1,"edgeAntialiasingMask":251658240,"height":1080,"hidden":false,"anchorPoint":{"pointX":0.5,"pointY":0.5}},"texture":"DFDD7DA96951781FFC4FE105CF1874CB"},{"animations":[{"additive":false,"timeOffset":0,"beginTime":0,"repeatCount":0,"fillMode":"both","duration":1,"autoreverses":false,"animations":[{"repeatCount":0,"removedOnCompletion":true,"timingFunctions":[{"timingFunction":"EaseInEaseOut"},{"timingFunction":"EaseInEaseOut"},{"timingFunction":"EaseInEaseOut"}],"keyTimes":[0,0.33300000000000002,0.66600000000000004,1],"additive":false,"values":[{"scalar":1},{"scalar":0.66600000000000004},{"scalar":0.66600000000000004},{"scalar":1}],"timeOffset":0,"autoreverses":false,"property":"transform.scale.xy","fillMode":"removed","duration":1,"beginTime":0},{"repeatCount":0,"removedOnCompletion":true,"timingFunctions":[{"timingFunction":"EaseInEaseOut"},{"timingFunction":"EaseInEaseOut"},{"timingFunction":"EaseInEaseOut"}],"keyTimes":[0,0.33300000000000002,0.66600000000000004,1],"additive":false,"values":[{"pointX":0,"pointY":0},{"pointX":664.93439999999998,"pointY":-374.02560000000005},{"pointX":-664.93439999999998,"pointY":-374.02560000000005},{"pointX":-1996.8,"pointY":0}],"timeOffset":0,"autoreverses":false,"property":"transform.translation","fillMode":"removed","duration":1,"beginTime":0}],"removedOnCompletion":false}],"layers":[],"initialState":{"affineTransform":[1,0,0,1,0,0],"masksToBounds":false,"rotation":0,"scale":1,"position":{"pointX":-1036.8,"pointY":1663.2},"width":1920,"sublayerTransform":[1,0,0,0,0,1,0,0,0,0,1,0,0,0,0,1],"contentsRect":{"y":0,"x":0,"width":1,"height":1},"opacity":1,"edgeAntialiasingMask":251658240,"height":1080,"hidden":false,"anchorPoint":{"pointX":0.5,"pointY":0.5}},"texture":"DFDD7DA96951781FFC4FE105CF1874CB"},{"animations":[{"additive":false,"timeOffset":0,"beginTime":0,"repeatCount":0,"fillMode":"both","duration":1,"autoreverses":false,"animations":[{"repeatCount":0,"removedOnCompletion":true,"timingFunctions":[{"timingFunction":"EaseInEaseOut"},{"timingFunction":"EaseInEaseOut"},{"timingFunction":"EaseInEaseOut"}],"keyTimes":[0,0.33300000000000002,0.66600000000000004,1],"additive":false,"values":[{"scalar":1},{"scalar":0.66600000000000004},{"scalar":0.66600000000000004},{"scalar":1}],"timeOffset":0,"autoreverses":false,"property":"transform.scale.xy","fillMode":"removed","duration":1,"beginTime":0},{"repeatCount":0,"removedOnCompletion":true,"timingFunctions":[{"timingFunction":"EaseInEaseOut"},{"timingFunction":"EaseInEaseOut"},{"timingFunction":"EaseInEaseOut"}],"keyTimes":[0,0.33300000000000002,0.66600000000000004,1],"additive":false,"values":[{"pointX":0,"pointY":0},{"pointX":-0,"pointY":-374.02560000000005},{"pointX":-1329.8688,"pointY":-374.02560000000005},{"pointX":-1996.8,"pointY":0}],"timeOffset":0,"autoreverses":false,"property":"transform.translation","fillMode":"removed","duration":1,"beginTime":0}],"removedOnCompletion":false}],"layers":[],"initialState":{"affineTransform":[1,0,0,1,0,0],"masksToBounds":false,"rotation":0,"scale":1,"position":{"pointX":960,"pointY":1663.2},"width":1920,"sublayerTransform":[1,0,0,0,0,1,0,0,0,0,1,0,0,0,0,1],"contentsRect":{"y":0,"x":0,"width":1,"height":1},"opacity":1,"edgeAntialiasingMask":251658240,"height":1080,"hidden":false,"anchorPoint":{"pointX":0.5,"pointY":0.5}},"texture":"34288A54BC8CD0D0F56A5D9E513CAE1D"},{"animations":[{"additive":false,"timeOffset":0,"beginTime":0,"repeatCount":0,"fillMode":"both","duration":1,"autoreverses":false,"animations":[{"repeatCount":0,"removedOnCompletion":true,"timingFunctions":[{"timingFunction":"EaseInEaseOut"},{"timingFunction":"EaseInEaseOut"},{"timingFunction":"EaseInEaseOut"}],"keyTimes":[0,0.33300000000000002,0.66600000000000004,1],"additive":false,"values":[{"scalar":1},{"scalar":0.66600000000000004},{"scalar":0.66600000000000004},{"scalar":1}],"timeOffset":0,"autoreverses":false,"property":"transform.scale.xy","fillMode":"removed","duration":1,"beginTime":0},{"repeatCount":0,"removedOnCompletion":true,"timingFunctions":[{"timingFunction":"EaseInEaseOut"},{"timingFunction":"EaseInEaseOut"},{"timingFunction":"EaseInEaseOut"}],"keyTimes":[0,0.33300000000000002,0.66600000000000004,1],"additive":false,"values":[{"pointX":0,"pointY":0},{"pointX":-664.93439999999998,"pointY":-374.02560000000005},{"pointX":-1994.8031999999998,"pointY":-374.02560000000005},{"pointX":-1996.8,"pointY":0}],"timeOffset":0,"autoreverses":false,"property":"transform.translation","fillMode":"removed","duration":1,"beginTime":0}],"removedOnCompletion":false}],"layers":[],"initialState":{"affineTransform":[1,0,0,1,0,0],"masksToBounds":false,"rotation":0,"scale":1,"position":{"pointX":2956.8000000000002,"pointY":1663.2},"width":1920,"sublayerTransform":[1,0,0,0,0,1,0,0,0,0,1,0,0,0,0,1],"contentsRect":{"y":0,"x":0,"width":1,"height":1},"opacity":1,"edgeAntialiasingMask":251658240,"height":1080,"hidden":false,"anchorPoint":{"pointX":0.5,"pointY":0.5}},"texture":"DFDD7DA96951781FFC4FE105CF1874CB"},{"animations":[{"additive":false,"timeOffset":0,"beginTime":0,"repeatCount":0,"fillMode":"both","duration":1,"autoreverses":false,"animations":[{"repeatCount":0,"removedOnCompletion":true,"timingFunctions":[{"timingFunction":"EaseInEaseOut"},{"timingFunction":"EaseInEaseOut"},{"timingFunction":"EaseInEaseOut"}],"keyTimes":[0,0.33300000000000002,0.66600000000000004,1],"additive":false,"values":[{"scalar":1},{"scalar":0.66600000000000004},{"scalar":0.66600000000000004},{"scalar":1}],"timeOffset":0,"autoreverses":false,"property":"transform.scale.xy","fillMode":"removed","duration":1,"beginTime":0},{"repeatCount":0,"removedOnCompletion":true,"timingFunctions":[{"timingFunction":"EaseInEaseOut"},{"timingFunction":"EaseInEaseOut"},{"timingFunction":"EaseInEaseOut"}],"keyTimes":[0,0.33300000000000002,0.66600000000000004,1],"additive":false,"values":[{"pointX":0,"pointY":0},{"pointX":-1329.8688,"pointY":-374.02560000000005},{"pointX":-2659.7375999999999,"pointY":-374.02560000000005},{"pointX":-1996.8,"pointY":0}],"timeOffset":0,"autoreverses":false,"property":"transform.translation","fillMode":"removed","duration":1,"beginTime":0}],"removedOnCompletion":false}],"layers":[],"initialState":{"affineTransform":[1,0,0,1,0,0],"masksToBounds":false,"rotation":0,"scale":1,"position":{"pointX":4953.6000000000004,"pointY":1663.2},"width":1920,"sublayerTransform":[1,0,0,0,0,1,0,0,0,0,1,0,0,0,0,1],"contentsRect":{"y":0,"x":0,"width":1,"height":1},"opacity":1,"edgeAntialiasingMask":251658240,"height":1080,"hidden":false,"anchorPoint":{"pointX":0.5,"pointY":0.5}},"texture":"34288A54BC8CD0D0F56A5D9E513CAE1D"}]}]}]},"effects":[],"duration":1,"type":"transition","attributes":{"direction":12},"name":"apple:apple-grid","objectID":"0"}],"automaticPlay":false,"hyperlinks":[],"accessibility":[],"baseLayer":{"animations":[],"initialState":{"affineTransform":[1,0,0,1,0,0],"masksToBounds":false,"rotation":0,"scale":1,"position":{"pointX":960,"pointY":540},"width":1920,"sublayerTransform":[1,0,0,0,0,1,0,0,0,0,1,0,0,0,0,1],"contentsRect":{"y":0,"x":0,"width":1,"height":1},"opacity":1,"edgeAntialiasingMask":251658240,"height":1080,"hidden":false,"anchorPoint":{"pointX":0.5,"pointY":0.5}},"objectID":"0","layers":[{"animations":[],"initialState":{"affineTransform":[1,0,0,1,0,0],"masksToBounds":false,"rotation":0,"scale":1,"position":{"pointX":960,"pointY":540},"width":1920,"sublayerTransform":[1,0,0,0,0,1,0,0,0,0,1,-0.00035007912466775983,0,0,0,1],"contentsRect":{"y":0,"x":0,"width":1,"height":1},"opacity":1,"edgeAntialiasingMask":251658240,"height":1080,"hidden":false,"anchorPoint":{"pointX":0.5,"pointY":0.5}},"layers":[{"animations":[],"layers":[],"texturedRectangle":{"isBackgroundTexture":false,"singleTextureOpacity":1,"textureType":0,"textBaseline":0,"textXHeight":0,"isVerticalText":false},"initialState":{"affineTransform":[1,0,0,1,0,0],"masksToBounds":false,"rotation":0,"scale":1,"position":{"pointX":960,"pointY":540},"width":1920,"sublayerTransform":[1,0,0,0,0,1,0,0,0,0,1,0,0,0,0,1],"contentsRect":{"y":0,"x":0,"width":1,"height":1},"opacity":1,"edgeAntialiasingMask":0,"height":1080,"hidden":false,"anchorPoint":{"pointX":0.5,"pointY":0.5}},"texture":"DFDD7DA96951781FFC4FE105CF1874CB"}]}]}}},"targetRectangle":{"y":493.54669189453125,"x":24.88084602355957,"width":47.671695709228516,"height":92.9066162109375}},{"url":"?slideid=31EE2C72-14C3-41D2-A988-86EFCE8D67B1","targetRectangle":{"y":57.343170166015625,"x":37.072996139526367,"width":127.14365386962891,"height":50.500091552734375}},{"url":"?slide=next","targetRectangle":{"y":493.54669189453125,"x":1847.447509765625,"width":47.671695709228516,"height":92.9066162109375}}],"accessibility":[{"text":"2","targetRectangle":{"y":25.709209442138672,"x":27.403968811035156,"width":17.099999999999994,"height":30.999987840652466}},{"text":"Market","targetRectangle":{"y":208,"x":129.621826171875,"width":275.27999999999997,"height":79.999967575073242}},{"text":"Sentiment","targetRectangle":{"y":288.00000743865928,"x":129.621826171875,"width":392.40000000000009,"height":79.999967575073242}},{"text":"Continued","targetRectangle":{"y":368.00001487731856,"x":129.621826171875,"width":145.13999999999999,"height":30.999987840652466}},{"text":"Seamlessly extend just in time schemas before cross-unit sources. Dynamically reinvent granular methods of empowerment for low-risk high-yield information. Phosfluorescently deploy transparent e-tailers vis-a-vis out-of-the-box schemas. Assertively transition interdependent markets through maintainable platforms. Interactively disseminate low-risk high-yield imperatives with wireless. Proactively morph low-risk high-yield synergy rather than competitive e-markets. Collaboratively deploy excellent solutions after cutting-edge \\\"outside the box\\\" thinking. Dramatically scale fully researched partnerships vis-a-vis market-driven partnerships. Conveniently deliver orthogonal supply chains whereas impactful internal or \\\"organic\\\" sources. Uniquely synergize pandemic supply chains and backend metrics. Completely create next-generation manufactured products without excellent results. Synergistically deploy world-class action items rather than cost effective web-readiness. Synergistically morph enabled portals and adaptive meta-services. Dramatically strategize impactful results rather than holistic deliverables. ","targetRectangle":{"y":469.16070556640625,"x":99.621826171875,"width":1104.6254503247735,"height":536.19993758201599}},{"text":"Compellingly deliver just in time alignments after robust paradigms. ","targetRectangle":{"y":469.16070556640625,"x":1326.7927277262206,"width":476.54199955743547,"height":76.599991083145142}},{"text":"Objectively enable premier ROI and collaborative outsourcing. Appropriately transform strategic supply chains whereas bleeding-edge processes. Compellingly parallel task multimedia based products and maintainable e-business.","targetRectangle":{"y":545.76069664955139,"x":1326.7927277262206,"width":475.41999956727022,"height":229.79997324943542}},{"text":"Compellingly cultivate 24\/365 core competencies for e-business testing.","targetRectangle":{"y":813.86066544055939,"x":1326.7927277262206,"width":385.39599964594845,"height":76.599991083145142}},{"text":"photo-1611974789855-9c2a0a7236a3.jpeg","targetRectangle":{"y":-4.2008514404297728,"x":705.87854048057466,"width":1099.5667733439623,"height":409.6875}},{"text":"Main menu","targetRectangle":{"y":73.343170166015625,"x":41.072996139526367,"width":115.06400000000002,"height":19.199992299079895}},{"text":"160 words","targetRectangle":{"y":992.2259446978569,"x":906.072998046875,"width":108.10799991148713,"height":38.299995541572571}},{"text":"1807.png","targetRectangle":{"y":284.96481323242188,"x":514.3082275390625,"width":152.34361267089844,"height":152.34361267089844}}],"baseLayer":{"animations":[],"initialState":{"affineTransform":[1,0,0,1,0,0],"masksToBounds":false,"rotation":0,"scale":1,"position":{"pointX":960,"pointY":540},"width":1920,"sublayerTransform":[1,0,0,0,0,1,0,0,0,0,1,0,0,0,0,1],"contentsRect":{"y":0,"x":0,"width":1,"height":1},"opacity":1,"edgeAntialiasingMask":251658240,"height":1080,"hidden":false,"anchorPoint":{"pointX":0.5,"pointY":0.5}},"objectID":"0","layers":[{"animations":[],"initialState":{"affineTransform":[1,0,0,1,0,0],"masksToBounds":false,"rotation":0,"scale":1,"position":{"pointX":960,"pointY":540},"width":1920,"sublayerTransform":[1,0,0,0,0,1,0,0,0,0,1,-0.00035007912466775983,0,0,0,1],"contentsRect":{"y":0,"x":0,"width":1,"height":1},"opacity":1,"edgeAntialiasingMask":251658240,"height":1080,"hidden":false,"anchorPoint":{"pointX":0.5,"pointY":0.5}},"layers":[{"animations":[],"layers":[],"texturedRectangle":{"isBackgroundTexture":false,"singleTextureOpacity":1,"textureType":0,"textBaseline":0,"textXHeight":0,"isVerticalText":false},"initialState":{"affineTransform":[1,0,0,1,0,0],"masksToBounds":false,"rotation":0,"scale":1,"position":{"pointX":960,"pointY":540},"width":1920,"sublayerTransform":[1,0,0,0,0,1,0,0,0,0,1,0,0,0,0,1],"contentsRect":{"y":0,"x":0,"width":1,"height":1},"opacity":1,"edgeAntialiasingMask":0,"height":1080,"hidden":false,"anchorPoint":{"pointX":0.5,"pointY":0.5}},"texture":"DFDD7DA96951781FFC4FE105CF1874CB"}]}]}}]}